date,sst,threshold,region
2015-06-01,10.570294373268819,12.768259646226861,roi_test
2015-06-02,10.763322203672782,13.769682648358993,roi_test
2015-06-03,10.791487247785005,14.04453883813847,roi_test
2015-06-04,10.832132580518106,14.285653117242832,roi_test
2015-06-05,11.289986681923063,14.62623448569088,roi_test
2015-06-06,11.53678996829922,14.718169952417563,roi_test
2015-06-07,11.52313412491481,15.006730224531513,roi_test
2015-06-08,11.651229389806979,15.419358919047337,roi_test
2015-06-09,12.057430173885296,15.666619209293879,roi_test
2015-06-10,12.46481076450765,15.701588508938107,roi_test
2015-06-11,12.669429323529231,15.364777187947457,roi_test
2015-06-12,13.186874878855509,15.251729943163692,roi_test
2015-06-13,13.713740191205083,15.252911344125355,roi_test
2015-06-14,13.470547166626027,15.174515078188982,roi_test
2015-06-15,12.933862554944866,15.212968805687394,roi_test
2015-06-16,12.94030112609657,15.233229821237622,roi_test
2015-06-17,13.127756748138285,15.43407542533437,roi_test
2015-06-18,13.186091175679815,15.737399817423537,roi_test
2015-06-19,13.380061400711563,15.951607298056036,roi_test
2015-06-20,13.907369460961787,16.42023181582282,roi_test
2015-06-21,14.390905941863137,16.453187897432045,roi_test
2015-06-22,14.095335921917306,16.24982661489498,roi_test
2015-06-23,13.851031244333592,16.26379252562012,roi_test
2015-06-24,13.4562005339736,16.526918397078777,roi_test
2015-06-25,13.453136688488298,16.9137269669174,roi_test
2015-06-26,13.455835256013446,17.205643394421408,roi_test
2015-06-27,14.007944576791546,17.31349505730523,roi_test
2015-06-28,14.740139620966268,17.317564292547534,roi_test
2015-06-29,15.011946627650353,17.479162680622498,roi_test
2015-06-30,15.460920385411404,17.761078357812345,roi_test
2015-07-01,16.043181832392303,17.71990436620334,roi_test
2015-07-02,16.458685574584308,17.692419825802048,roi_test
2015-07-03,16.919576385111252,17.959156834424398,roi_test
2015-07-04,18.008047057205214,18.330868582468902,roi_test
2015-07-05,19.500207837031777,18.610026042155113,roi_test
2015-07-06,17.2059554313369,18.075714986900778,roi_test
2015-07-07,16.178577904497526,18.083068222318094,roi_test
2015-07-08,16.20015281399087,18.38044399842432,roi_test
2015-07-09,15.616865812559007,18.653615263891773,roi_test
2015-07-10,14.870762569325919,18.668060281492885,roi_test
2015-07-11,14.723384729855642,18.895254575353434,roi_test
2015-07-12,14.913406551493429,19.220330982348855,roi_test
2015-07-13,15.582220304752639,19.432044825020455,roi_test
2015-07-14,15.880271051002609,19.446222386874496,roi_test
2015-07-15,15.740774511826814,19.475894374519356,roi_test
2015-07-16,15.741458485740928,19.29043918390823,roi_test
2015-07-17,15.948653436126357,19.32085123145314,roi_test
2015-07-18,16.161945252074318,19.183068284844268,roi_test
2015-07-19,15.873224225144275,19.472711854339014,roi_test
2015-07-20,15.845871521199468,19.59001791375135,roi_test
2015-07-21,16.082504173622713,19.7819375300907,roi_test
2015-07-22,16.300922636353974,19.97223043399425,roi_test
2015-07-23,16.20462424890423,20.204876010579436,roi_test
2015-07-24,16.365043424433978,20.42791412654052,roi_test
2015-07-25,16.34432474848841,20.60544749989059,roi_test
2015-07-26,15.957118918547144,20.812254819205517,roi_test
2015-07-27,15.863061782121267,21.090492112322025,roi_test
2015-07-28,15.730962027849147,21.338355467602046,roi_test
2015-07-29,15.625809682804668,21.517278891785978,roi_test
2015-07-30,15.576213539419625,21.593743536355845,roi_test
2015-07-31,15.546739071986384,21.390911287851782,roi_test
2015-08-01,15.660766633527786,21.269171340498833,roi_test
2015-08-02,16.340149812734087,21.147479850937597,roi_test
2015-08-03,16.810973220035898,21.201825201803278,roi_test
2015-08-04,16.866859684993084,21.33383860741689,roi_test
2015-08-05,17.066105181544767,21.318619077988874,roi_test
2015-08-06,17.6010019195538,21.091507349952792,roi_test
2015-08-07,18.14729024028811,20.894845028855826,roi_test
2015-08-08,18.35678953061593,20.8838912231997,roi_test
2015-08-09,18.1029743705176,20.829858659563666,roi_test
2015-08-10,18.445260327762256,20.796728786429288,roi_test
2015-08-11,18.88251755422583,20.69190886183589,roi_test
2015-08-12,18.87867119356229,20.480132086561216,roi_test
2015-08-13,18.63485653367346,20.41376964103716,roi_test
2015-08-14,18.277497764688952,20.228511908111546,roi_test
2015-08-15,18.13556351722281,19.874458054310224,roi_test
2015-08-16,17.983225413141728,20.05446536987365,roi_test
2015-08-17,17.754019683242362,20.274810076719586,roi_test
2015-08-18,17.57071492437458,20.390979441391057,roi_test
2015-08-19,17.462312843503234,20.483688700893502,roi_test
2015-08-20,17.520052959676864,20.42824704720099,roi_test
2015-08-21,17.680456628713298,20.307607842033857,roi_test
2015-08-22,17.930494894737187,20.323584344694364,roi_test
2015-08-23,17.98655386943282,20.370510588809044,roi_test
2015-08-24,18.135584150863185,20.181858684574166,roi_test
2015-08-25,18.17791018739096,20.00605544196633,roi_test
2015-08-26,17.95886671293602,19.861725785172553,roi_test
2015-08-27,17.82773780270488,19.76511604859532,roi_test
2015-08-28,17.75984355949053,19.649555470103103,roi_test
2015-08-29,17.84523362908219,19.65449066171459,roi_test
2015-08-30,17.871889978928706,19.627313718869786,roi_test
2015-08-31,18.046629463587855,19.6289957982405,roi_test
2016-06-01,14.237918941056563,13.769682648358993,roi_test
2016-06-02,14.519504855158088,14.04453883813847,roi_test
2016-06-03,15.145646927150771,14.285653117242832,roi_test
2016-06-04,15.673096734257461,14.62623448569088,roi_test
2016-06-05,15.067126234110566,14.718169952417563,roi_test
2016-06-06,14.642284519142382,15.006730224531513,roi_test
2016-06-07,14.712864074331117,15.419358919047337,roi_test
2016-06-08,14.725420457316485,15.666619209293879,roi_test
2016-06-09,14.177932384185862,15.701588508938107,roi_test
2016-06-10,13.780583932021555,15.364777187947457,roi_test
2016-06-11,13.724574227957945,15.251729943163692,roi_test
2016-06-12,14.024169433450256,15.252911344125355,roi_test
2016-06-13,14.31858103080668,15.174515078188982,roi_test
2016-06-14,14.079039597831597,15.212968805687394,roi_test
2016-06-15,14.187338135344165,15.233229821237622,roi_test
2016-06-16,14.606396178399702,15.43407542533437,roi_test
2016-06-17,14.960120112797235,15.737399817423537,roi_test
2016-06-18,14.086547616814533,15.951607298056036,roi_test
2016-06-19,14.068061250648729,16.42023181582282,roi_test
2016-06-20,14.274330625949617,16.453187897432045,roi_test
2016-06-21,15.132744399217156,16.24982661489498,roi_test
2016-06-22,15.500921635935068,16.26379252562012,roi_test
2016-06-23,16.696337466314024,16.526918397078777,roi_test
2016-06-24,17.226843428185568,16.9137269669174,roi_test
2016-06-25,18.200849543246235,17.205643394421408,roi_test
2016-06-26,17.69905085254452,17.31349505730523,roi_test
2016-06-27,17.06383466826735,17.317564292547534,roi_test
2016-06-28,17.532409383929497,17.479162680622498,roi_test
2016-06-29,17.791535267893423,17.761078357812345,roi_test
2016-06-30,17.94699105250326,17.71990436620334,roi_test
2016-07-01,18.032974307991488,17.692419825802048,roi_test
2016-07-02,18.09559734388774,17.959156834424398,roi_test
2016-07-03,17.993325329981932,18.330868582468902,roi_test
2016-07-04,17.770619071736284,18.610026042155113,roi_test
2016-07-05,17.589200415173835,18.075714986900778,roi_test
2016-07-06,16.902574015368938,18.083068222318094,roi_test
2016-07-07,16.770582681497846,18.38044399842432,roi_test
2016-07-08,16.855735714330404,18.653615263891773,roi_test
2016-07-09,17.011401149231233,18.668060281492885,roi_test
2016-07-10,17.21617958770234,18.895254575353434,roi_test
2016-07-11,17.276317270356934,19.220330982348855,roi_test
2016-07-12,17.2528903353279,19.432044825020455,roi_test
2016-07-13,17.466377483071046,19.446222386874496,roi_test
2016-07-14,17.292668867588315,19.475894374519356,roi_test
2016-07-15,16.87467189385555,19.29043918390823,roi_test
2016-07-16,16.751746731443806,19.32085123145314,roi_test
2016-07-17,16.78258251892982,19.183068284844268,roi_test
2016-07-18,17.09450082221931,19.472711854339014,roi_test
2016-07-19,17.63504673832166,19.59001791375135,roi_test
2016-07-20,18.1601079201916,19.7819375300907,roi_test
2016-07-21,18.34993628581967,19.97223043399425,roi_test
2016-07-22,18.641496376607705,20.204876010579436,roi_test
2016-07-23,18.97721364571416,20.42791412654052,roi_test
2016-07-24,19.79487710478761,20.60544749989059,roi_test
2016-07-25,20.23350202897467,20.812254819205517,roi_test
2016-07-26,20.45519242432767,21.090492112322025,roi_test
2016-07-27,20.23719826427316,21.338355467602046,roi_test
2016-07-28,20.15889159835678,21.517278891785978,roi_test
2016-07-29,20.11665178543516,21.593743536355845,roi_test
2016-07-30,20.09102661739604,21.390911287851782,roi_test
2016-07-31,19.919284137732678,21.269171340498833,roi_test
2016-08-01,19.7104276790906,21.147479850937597,roi_test
2016-08-02,19.419101936435837,21.201825201803278,roi_test
2016-08-03,19.32313506280755,21.33383860741689,roi_test
2016-08-04,19.083704801385547,21.318619077988874,roi_test
2016-08-05,19.064592423077134,21.091507349952792,roi_test
2016-08-06,18.89646064289422,20.894845028855826,roi_test
2016-08-07,18.792386311768066,20.8838912231997,roi_test
2016-08-08,18.66466238987579,20.829858659563666,roi_test
2016-08-09,18.175735089068557,20.796728786429288,roi_test
2016-08-10,17.800554732294184,20.69190886183589,roi_test
2016-08-11,17.61441678702958,20.480132086561216,roi_test
2016-08-12,17.587880862611186,20.41376964103716,roi_test
2016-08-13,17.567289052290636,20.228511908111546,roi_test
2016-08-14,17.516223543608874,19.874458054310224,roi_test
2016-08-15,17.6044863161449,20.05446536987365,roi_test
2016-08-16,17.449872133956084,20.274810076719586,roi_test
2016-08-17,17.343577748182067,20.390979441391057,roi_test
2016-08-18,17.434246653286035,20.483688700893502,roi_test
2016-08-19,17.567264792131688,20.42824704720099,roi_test
2016-08-20,17.62861542020718,20.307607842033857,roi_test
2016-08-21,17.918950185390155,20.323584344694364,roi_test
2016-08-22,17.9389705689258,20.370510588809044,roi_test
2016-08-23,18.178228945871087,20.181858684574166,roi_test
2016-08-24,18.534507137363782,20.00605544196633,roi_test
2016-08-25,18.629186846992177,19.861725785172553,roi_test
2016-08-26,18.643061782121265,19.76511604859532,roi_test
2016-08-27,18.649761087455367,19.649555470103103,roi_test
2016-08-28,18.615174729417948,19.65449066171459,roi_test
2016-08-29,18.032132768096623,19.627313718869786,roi_test
2016-08-30,17.917426359788163,19.6289957982405,roi_test
2016-08-31,18.00462962615595,18.52194375144592,roi_test
2017-06-01,11.44525738903165,12.768259646226861,roi_test
2017-06-02,11.559233741629328,13.769682648358993,roi_test
2017-06-03,11.636957788573982,14.04453883813847,roi_test
2017-06-04,11.827994910368712,14.285653117242832,roi_test
2017-06-05,11.903233854176417,14.62623448569088,roi_test
2017-06-06,12.06087911813071,14.718169952417563,roi_test
2017-06-07,11.987573171265463,15.006730224531513,roi_test
2017-06-08,11.995387255913412,15.419358919047337,roi_test
2017-06-09,12.537656581193362,15.666619209293879,roi_test
2017-06-10,12.846834361889037,15.701588508938107,roi_test
2017-06-11,12.841491812196347,15.364777187947457,roi_test
2017-06-12,12.754274477437423,15.251729943163692,roi_test
2017-06-13,12.532858509500844,15.252911344125355,roi_test
2017-06-14,12.704705845572825,15.174515078188982,roi_test
2017-06-15,13.127544284168998,15.212968805687394,roi_test
2017-06-16,13.397341199127139,15.233229821237622,roi_test
2017-06-17,13.953498902665475,15.43407542533437,roi_test
2017-06-18,14.19946971544335,15.737399817423537,roi_test
2017-06-19,14.323971850712478,15.951607298056036,roi_test
2017-06-20,14.468266211476065,16.42023181582282,roi_test
2017-06-21,14.251970012442712,16.453187897432045,roi_test
2017-06-22,14.209362295461233,16.24982661489498,roi_test
2017-06-23,14.518121650941335,16.26379252562012,roi_test
2017-06-24,14.578492243626995,16.526918397078777,roi_test
2017-06-25,14.433506968543062,16.9137269669174,roi_test
2017-06-26,14.324386461830883,17.205643394421408,roi_test
2017-06-27,14.361638060938013,17.31349505730523,roi_test
2017-06-28,14.714118287032685,17.317564292547534,roi_test
2017-06-29,14.783256426128451,17.479162680622498,roi_test
2017-06-30,14.588302976871562,17.761078357812345,roi_test
2017-07-01,14.603805280961407,17.71990436620334,roi_test
2017-07-02,14.57627906685923,17.692419825802048,roi_test
2017-07-03,14.505851262716249,17.959156834424398,roi_test
2017-07-04,14.520790643582002,18.330868582468902,roi_test
2017-07-05,14.924113159885692,18.610026042155113,roi_test
2017-07-06,15.299572320909386,18.075714986900778,roi_test
2017-07-07,15.499658106832236,18.083068222318094,roi_test
2017-07-08,15.747385342612215,18.38044399842432,roi_test
2017-07-09,15.796078232760008,18.653615263891773,roi_test
2017-07-10,15.851207443116808,18.668060281492885,roi_test
2017-07-11,15.994366203347655,18.895254575353434,roi_test
2017-07-12,16.00092244877543,19.220330982348855,roi_test
2017-07-13,15.970973595192975,19.432044825020455,roi_test
2017-07-14,16.203875122707643,19.446222386874496,roi_test
2017-07-15,16.69840401918305,19.475894374519356,roi_test
2017-07-16,16.734551843584505,19.29043918390823,roi_test
2017-07-17,16.33657625380627,19.32085123145314,roi_test
2017-07-18,16.380914195319285,19.183068284844268,roi_test
2017-07-19,16.869901021052538,19.472711854339014,roi_test
2017-07-20,16.946297699661717,19.59001791375135,roi_test
2017-07-21,16.85884339066981,19.7819375300907,roi_test
2017-07-22,16.90261259402376,19.97223043399425,roi_test
2017-07-23,16.94766552243751,20.204876010579436,roi_test
2017-07-24,16.97540563861115,20.42791412654052,roi_test
2017-07-25,16.91763194587731,20.60544749989059,roi_test
2017-07-26,16.919577510582574,20.812254819205517,roi_test
2017-07-27,17.202182288833438,21.090492112322025,roi_test
2017-07-28,17.18531741416716,21.338355467602046,roi_test
2017-07-29,17.281851587852387,21.517278891785978,roi_test
2017-07-30,17.57487516647595,21.593743536355845,roi_test
2017-07-31,17.819113441253528,21.390911287851782,roi_test
2017-08-01,18.005297280736315,21.269171340498833,roi_test
2017-08-02,18.087351140790197,21.147479850937597,roi_test
2017-08-03,17.955524125727663,21.201825201803278,roi_test
2017-08-04,17.59754109533369,21.33383860741689,roi_test
2017-08-05,17.40443248110145,21.318619077988874,roi_test
2017-08-06,17.321669574134166,21.091507349952792,roi_test
2017-08-07,17.442055360682257,20.894845028855826,roi_test
2017-08-08,17.60516241175991,20.8838912231997,roi_test
2017-08-09,17.818068503685918,20.829858659563666,roi_test
2017-08-10,18.11286570001186,20.796728786429288,roi_test
2017-08-11,18.24779807794512,20.69190886183589,roi_test
2017-08-12,17.78099397872861,20.480132086561216,roi_test
2017-08-13,17.60857452808365,20.41376964103716,roi_test
2017-08-14,17.726406557746053,20.228511908111546,roi_test
2017-08-15,17.88353241669952,19.874458054310224,roi_test
2017-08-16,17.9021339560941,20.05446536987365,roi_test
2017-08-17,17.947203266367787,20.274810076719586,roi_test
2017-08-18,18.017529903146905,20.390979441391057,roi_test
2017-08-19,17.974342068241086,20.483688700893502,roi_test
2017-08-20,17.851663821725307,20.42824704720099,roi_test
2017-08-21,17.791852338166624,20.307607842033857,roi_test
2017-08-22,17.80320965654367,20.323584344694364,roi_test
2017-08-23,17.862415011285965,20.370510588809044,roi_test
2017-08-24,17.880645457785413,20.181858684574166,roi_test
2017-08-25,17.829535868144802,20.00605544196633,roi_test
2017-08-26,17.780437808332216,19.861725785172553,roi_test
2017-08-27,17.80947090344081,19.76511604859532,roi_test
2017-08-28,17.958978009541493,19.649555470103103,roi_test
2017-08-29,18.182126953161614,19.65449066171459,roi_test
2017-08-30,18.21263128935239,19.627313718869786,roi_test
2017-08-31,18.079528740159915,19.6289957982405,roi_test
2018-06-01,14.806370104981463,12.768259646226861,roi_test
2018-06-02,15.663100235723725,13.769682648358993,roi_test
2018-06-03,16.03754465932608,14.04453883813847,roi_test
2018-06-04,15.831261653317325,14.285653117242832,roi_test
2018-06-05,15.221764113722625,14.62623448569088,roi_test
2018-06-06,14.960513777644374,14.718169952417563,roi_test
2018-06-07,15.217784072080194,15.006730224531513,roi_test
2018-06-08,15.843513596318473,15.419358919047337,roi_test
2018-06-09,15.93732781852401,15.666619209293879,roi_test
2018-06-10,16.331716281192765,15.701588508938107,roi_test
2018-06-11,16.308280029762457,15.364777187947457,roi_test
2018-06-12,15.987360269612921,15.251729943163692,roi_test
2018-06-13,16.181592729455453,15.252911344125355,roi_test
2018-06-14,16.50612187603557,15.174515078188982,roi_test
2018-06-15,16.721157797327646,15.212968805687394,roi_test
2018-06-16,17.20863067659581,15.233229821237622,roi_test
2018-06-17,17.430249917152814,15.43407542533437,roi_test
2018-06-18,17.178994704032327,15.737399817423537,roi_test
2018-06-19,16.79174260471571,15.951607298056036,roi_test
2018-06-20,16.66324604678205,16.42023181582282,roi_test
2018-06-21,16.203309635910013,16.453187897432045,roi_test
2018-06-22,15.345196175898643,16.24982661489498,roi_test
2018-06-23,15.295190173385109,16.26379252562012,roi_test
2018-06-24,15.490305878086438,16.526918397078777,roi_test
2018-06-25,15.948490180262999,16.9137269669174,roi_test
2018-06-26,16.186675795489347,17.205643394421408,roi_test
2018-06-27,16.81714724290798,17.31349505730523,roi_test
2018-06-28,17.310671468677498,17.317564292547534,roi_test
2018-06-29,16.713108301601274,17.479162680622498,roi_test
2018-06-30,16.425490174010342,17.761078357812345,roi_test
2018-07-01,16.25561466364039,17.71990436620334,roi_test
2018-07-02,16.27259008459792,17.692419825802048,roi_test
2018-07-03,16.787100973532674,17.959156834424398,roi_test
2018-07-04,17.068259958857766,18.330868582468902,roi_test
2018-07-05,17.123505843071765,18.610026042155113,roi_test
2018-07-06,17.174101780120438,18.075714986900778,roi_test
2018-07-07,17.519685555826474,18.083068222318094,roi_test
2018-07-08,17.80776006202597,18.38044399842432,roi_test
2018-07-09,17.809500478325273,18.653615263891773,roi_test
2018-07-10,17.891745918603437,18.668060281492885,roi_test
2018-07-11,17.93022265573707,18.895254575353434,roi_test
2018-07-12,18.073421495251143,19.220330982348855,roi_test
2018-07-13,18.45637073024331,19.432044825020455,roi_test
2018-07-14,18.709682116886434,19.446222386874496,roi_test
2018-07-15,19.04861241895045,19.475894374519356,roi_test
2018-07-16,19.370750876929698,19.29043918390823,roi_test
2018-07-17,19.690314694278236,19.32085123145314,roi_test
2018-07-18,19.65106094427042,19.183068284844268,roi_test
2018-07-19,19.894928126152827,19.472711854339014,roi_test
2018-07-20,20.00953349214988,19.59001791375135,roi_test
2018-07-21,20.21555957807333,19.7819375300907,roi_test
2018-07-22,20.619694246965928,19.97223043399425,roi_test
2018-07-23,20.96608517316626,20.204876010579436,roi_test
2018-07-24,21.529256876316992,20.42791412654052,roi_test
2018-07-25,22.1909542120763,20.60544749989059,roi_test
2018-07-26,22.40519279948479,20.812254819205517,roi_test
2018-07-27,22.305096946846508,21.090492112322025,roi_test
2018-07-28,22.213358281280286,21.338355467602046,roi_test
2018-07-29,22.431559715630897,21.517278891785978,roi_test
2018-07-30,23.02074531209943,21.593743536355845,roi_test
2018-07-31,23.376049095558777,21.390911287851782,roi_test
2018-08-01,23.618898226132213,21.269171340498833,roi_test
2018-08-02,23.821028180550613,21.147479850937597,roi_test
2018-08-03,23.696589884514133,21.201825201803278,roi_test
2018-08-04,23.534487816773254,21.33383860741689,roi_test
2018-08-05,22.65037240594495,21.318619077988874,roi_test
2018-08-06,21.97704038566149,21.091507349952792,roi_test
2018-08-07,21.91894749676426,20.894845028855826,roi_test
2018-08-08,21.85576247553659,20.8838912231997,roi_test
2018-08-09,22.09791187559794,20.829858659563666,roi_test
2018-08-10,21.769461899670468,20.796728786429288,roi_test
2018-08-11,20.902604965829454,20.69190886183589,roi_test
2018-08-12,20.337085467039355,20.480132086561216,roi_test
2018-08-13,19.530560984912448,20.41376964103716,roi_test
2018-08-14,19.43951373387606,20.228511908111546,roi_test
2018-08-15,19.548158541389192,19.874458054310224,roi_test
2018-08-16,19.80181132099063,20.05446536987365,roi_test
2018-08-17,19.806759893205285,20.274810076719586,roi_test
2018-08-18,19.80050689976425,20.390979441391057,roi_test
2018-08-19,19.713668035990082,20.483688700893502,roi_test
2018-08-20,19.346191155046185,20.42824704720099,roi_test
2018-08-21,19.429306459579973,20.307607842033857,roi_test
2018-08-22,19.716046156828195,20.323584344694364,roi_test
2018-08-23,19.775595217997548,20.370510588809044,roi_test
2018-08-24,19.628009541495512,20.181858684574166,roi_test
2018-08-25,19.075406326399143,20.00605544196633,roi_test
2018-08-26,18.879237305621704,19.861725785172553,roi_test
2018-08-27,18.678808751164546,19.76511604859532,roi_test
2018-08-28,18.561824263910527,19.649555470103103,roi_test
2018-08-29,18.757850787517253,19.65449066171459,roi_test
2018-08-30,18.726767333821027,19.627313718869786,roi_test
2018-08-31,18.414476749638936,19.6289957982405,roi_test
2019-06-01,11.130291934747659,12.768259646226861,roi_test
2019-06-02,11.2411910612569,13.769682648358993,roi_test
2019-06-03,11.821292978934927,14.04453883813847,roi_test
2019-06-04,12.986185090006417,14.285653117242832,roi_test
2019-06-05,14.084191442666619,14.62623448569088,roi_test
2019-06-06,14.289939662233563,14.718169952417563,roi_test
2019-06-07,14.452547129110304,15.006730224531513,roi_test
2019-06-08,14.6035257889241,15.419358919047337,roi_test
2019-06-09,14.114653010948318,15.666619209293879,roi_test
2019-06-10,14.085528627612801,15.701588508938107,roi_test
2019-06-11,14.420588684011415,15.364777187947457,roi_test
2019-06-12,14.589530303314524,15.251729943163692,roi_test
2019-06-13,15.128262835062191,15.252911344125355,roi_test
2019-06-14,15.199978303414543,15.174515078188982,roi_test
2019-06-15,15.307183633146394,15.212968805687394,roi_test
2019-06-16,15.273442066365297,15.233229821237622,roi_test
2019-06-17,15.660763194587718,15.43407542533437,roi_test
2019-06-18,16.202849380678195,15.737399817423537,roi_test
2019-06-19,16.541792750714343,15.951607298056036,roi_test
2019-06-20,17.082352797734032,16.42023181582282,roi_test
2019-06-21,17.160503523350403,16.453187897432045,roi_test
2019-06-22,16.885375375938683,16.24982661489498,roi_test
2019-06-23,17.042079370736502,16.26379252562012,roi_test
2019-06-24,17.157724984837365,16.526918397078777,roi_test
2019-06-25,18.261477368648112,16.9137269669174,roi_test
2019-06-26,18.400249792100425,17.205643394421408,roi_test
2019-06-27,17.717584988714012,17.31349505730523,roi_test
2019-06-28,17.698894224456442,17.317564292547534,roi_test
2019-06-29,17.748031550711843,17.479162680622498,roi_test
2019-06-30,18.029840745812336,17.761078357812345,roi_test
2019-07-01,17.771421470240657,17.71990436620334,roi_test
2019-07-02,17.04156678108959,17.692419825802048,roi_test
2019-07-03,16.22256932590521,17.959156834424398,roi_test
2019-07-04,15.721539019464384,18.330868582468902,roi_test
2019-07-05,15.385443654530341,18.610026042155113,roi_test
2019-07-06,15.312194981648547,18.075714986900778,roi_test
2019-07-07,15.115944676833399,18.083068222318094,roi_test
2019-07-08,14.996441009672807,18.38044399842432,roi_test
2019-07-09,15.340546603890377,18.653615263891773,roi_test
2019-07-10,15.497992972057048,18.668060281492885,roi_test
2019-07-11,15.65474680022259,18.895254575353434,roi_test
2019-07-12,16.166698242388986,19.220330982348855,roi_test
2019-07-13,16.672465344863166,19.432044825020455,roi_test
2019-07-14,16.77880124802262,19.446222386874496,roi_test
2019-07-15,16.630146936529666,19.475894374519356,roi_test
2019-07-16,16.221249210606995,19.29043918390823,roi_test
2019-07-17,16.532441459861307,19.32085123145314,roi_test
2019-07-18,17.11348008228448,19.183068284844268,roi_test
2019-07-19,17.36978509750956,19.472711854339014,roi_test
2019-07-20,17.43412141334184,19.59001791375135,roi_test
2019-07-21,17.330028949622648,19.7819375300907,roi_test
2019-07-22,17.140050271050985,19.97223043399425,roi_test
2019-07-23,17.783789962046647,20.204876010579436,roi_test
2019-07-24,18.554148674757535,20.42791412654052,roi_test
2019-07-25,18.802656612456445,20.60544749989059,roi_test
2019-07-26,18.81726979422634,20.812254819205517,roi_test
2019-07-27,18.788479488285727,21.090492112322025,roi_test
2019-07-28,18.801760862361096,21.338355467602046,roi_test
2019-07-29,19.274418350184135,21.517278891785978,roi_test
2019-07-30,19.03948290846793,21.593743536355845,roi_test
2019-07-31,19.16917234091775,21.390911287851782,roi_test
2019-08-01,19.026865249823373,21.269171340498833,roi_test
2019-08-02,18.798850206023815,21.147479850937597,roi_test
2019-08-03,19.072641168489284,21.201825201803278,roi_test
2019-08-04,19.24583137939014,21.33383860741689,roi_test
2019-08-05,19.40216196782402,21.318619077988874,roi_test
2019-08-06,19.293648277716283,21.091507349952792,roi_test
2019-08-07,19.073822788292592,20.894845028855826,roi_test
2019-08-08,19.07029806231361,20.8838912231997,roi_test
2019-08-09,18.99734663890503,20.829858659563666,roi_test
2019-08-10,18.965754097028135,20.796728786429288,roi_test
2019-08-11,18.863819474404924,20.69190886183589,roi_test
2019-08-12,18.892387124608387,20.480132086561216,roi_test
2019-08-13,18.743336397116327,20.41376964103716,roi_test
2019-08-14,18.53836481526641,20.228511908111546,roi_test
2019-08-15,18.575077188572717,19.874458054310224,roi_test
2019-08-16,18.531479994747823,20.05446536987365,roi_test
2019-08-17,18.598765357993678,20.274810076719586,roi_test
2019-08-18,18.646904391213805,20.390979441391057,roi_test
2019-08-19,18.634363452195625,20.483688700893502,roi_test
2019-08-20,18.673623767452575,20.42824704720099,roi_test
2019-08-21,18.65471497439552,20.307607842033857,roi_test
2019-08-22,18.752296274064783,20.323584344694364,roi_test
2019-08-23,19.224970831535696,20.370510588809044,roi_test
2019-08-24,19.632324223268505,20.181858684574166,roi_test
2019-08-25,19.79516616333086,20.00605544196633,roi_test
2019-08-26,20.065123833105083,19.861725785172553,roi_test
2019-08-27,20.283293629207233,19.76511604859532,roi_test
2019-08-28,20.42442153901948,19.649555470103103,roi_test
2019-08-29,20.41291503317015,19.65449066171459,roi_test
2019-08-30,20.429263504092358,19.627313718869786,roi_test
2019-08-31,20.67247641199752,19.6289957982405,roi_test
2020-06-01,11.326518917296617,13.769682648358993,roi_test
2020-06-02,11.689005270957212,14.04453883813847,roi_test
2020-06-03,12.194415161348823,14.285653117242832,roi_test
2020-06-04,12.232576078732961,14.62623448569088,roi_test
2020-06-05,12.045742217053379,14.718169952417563,roi_test
2020-06-06,11.578062188541448,15.006730224531513,roi_test
2020-06-07,11.703539044474875,15.419358919047337,roi_test
2020-06-08,13.089351916114863,15.666619209293879,roi_test
2020-06-09,13.122694503323286,15.701588508938107,roi_test
2020-06-10,13.312886396178389,15.364777187947457,roi_test
2020-06-11,13.198921048188932,15.251729943163692,roi_test
2020-06-12,13.191866781714815,15.252911344125355,roi_test
2020-06-13,13.080837413166758,15.174515078188982,roi_test
2020-06-14,13.075256701243646,15.212968805687394,roi_test
2020-06-15,13.157264291922234,15.233229821237622,roi_test
2020-06-16,14.621678015168827,15.43407542533437,roi_test
2020-06-17,14.762162030350206,15.737399817423537,roi_test
2020-06-18,14.653491774680653,15.951607298056036,roi_test
2020-06-19,14.882802360988647,16.42023181582282,roi_test
2020-06-20,15.042056236048841,16.453187897432045,roi_test
2020-06-21,15.747089718819767,16.24982661489498,roi_test
2020-06-22,15.991987144616818,16.26379252562012,roi_test
2020-06-23,16.090244414848737,16.526918397078777,roi_test
2020-06-24,16.748298037303137,16.9137269669174,roi_test
2020-06-25,17.20343081165239,17.205643394421408,roi_test
2020-06-26,17.897529965673126,17.31349505730523,roi_test
2020-06-27,18.81884620434804,17.317564292547534,roi_test
2020-06-28,19.786442572827344,17.479162680622498,roi_test
2020-06-29,19.626885195675676,17.761078357812345,roi_test
2020-06-30,18.07443060531598,17.71990436620334,roi_test
2020-07-01,16.667519273695852,17.692419825802048,roi_test
2020-07-02,16.853493087730484,17.959156834424398,roi_test
2020-07-03,16.93392695691321,18.330868582468902,roi_test
2020-07-04,16.94516860185206,18.610026042155113,roi_test
2020-07-05,16.60035771229203,18.075714986900778,roi_test
2020-07-06,16.41006083797589,18.083068222318094,roi_test
2020-07-07,16.02493350340456,18.38044399842432,roi_test
2020-07-08,15.825066559121627,18.653615263891773,roi_test
2020-07-09,15.770847604934575,18.668060281492885,roi_test
2020-07-10,15.60028324360827,18.895254575353434,roi_test
2020-07-11,15.517325004845771,19.220330982348855,roi_test
2020-07-12,15.509783409302653,19.432044825020455,roi_test
2020-07-13,15.69724334565102,19.446222386874496,roi_test
2020-07-14,15.993050277303626,19.475894374519356,roi_test
2020-07-15,16.326375732337905,19.29043918390823,roi_test
2020-07-16,16.92793788648999,19.32085123145314,roi_test
2020-07-17,17.74050571176679,19.183068284844268,roi_test
2020-07-18,18.42050683723809,19.472711854339014,roi_test
2020-07-19,18.715954243339382,19.59001791375135,roi_test
2020-07-20,18.63647471128537,19.7819375300907,roi_test
2020-07-21,17.895018226382298,19.97223043399425,roi_test
2020-07-22,17.091861029306013,20.204876010579436,roi_test
2020-07-23,16.929311711779302,20.42791412654052,roi_test
2020-07-24,16.914555845260196,20.60544749989059,roi_test
2020-07-25,16.98712617158432,20.812254819205517,roi_test
2020-07-26,17.198495620040894,21.090492112322025,roi_test
2020-07-27,17.356398304289904,21.338355467602046,roi_test
2020-07-28,17.670229471091027,21.517278891785978,roi_test
2020-07-29,17.123928082384495,21.593743536355845,roi_test
2020-07-30,16.8958310667592,21.390911287851782,roi_test
2020-07-31,17.023446568250474,21.269171340498833,roi_test
2020-08-01,17.138006727817288,21.147479850937597,roi_test
2020-08-02,17.158192555632677,21.201825201803278,roi_test
2020-08-03,17.090365965748138,21.33383860741689,roi_test
2020-08-04,17.17159110377469,21.318619077988874,roi_test
2020-08-05,17.51484809263882,21.091507349952792,roi_test
2020-08-06,17.984363827352713,20.894845028855826,roi_test
2020-08-07,18.43969062044732,20.8838912231997,roi_test
2020-08-08,19.01908730530914,20.829858659563666,roi_test
2020-08-09,19.694059699999354,20.796728786429288,roi_test
2020-08-10,19.274899301582522,20.69190886183589,roi_test
2020-08-11,18.87533592191731,20.480132086561216,roi_test
2020-08-12,18.849048851706655,20.41376964103716,roi_test
2020-08-13,19.15069360294628,20.228511908111546,roi_test
2020-08-14,19.614714286607516,19.874458054310224,roi_test
2020-08-15,20.228146911519186,20.05446536987365,roi_test
2020-08-16,20.713911888103144,20.274810076719586,roi_test
2020-08-17,20.848987450995082,20.390979441391057,roi_test
2020-08-18,20.802152588896604,20.483688700893502,roi_test
2020-08-19,20.699147017813708,20.42824704720099,roi_test
2020-08-20,20.70746462581203,20.307607842033857,roi_test
2020-08-21,20.574965204179254,20.323584344694364,roi_test
2020-08-22,20.462407508143997,20.370510588809044,roi_test
2020-08-23,20.198644119725117,20.181858684574166,roi_test
2020-08-24,20.037104975208354,20.00605544196633,roi_test
2020-08-25,19.819358356311707,19.861725785172553,roi_test
2020-08-26,19.449425071748816,19.76511604859532,roi_test
2020-08-27,19.11734213701989,19.649555470103103,roi_test
2020-08-28,18.896529734326265,19.65449066171459,roi_test
2020-08-29,18.813650716237415,19.627313718869786,roi_test
2020-08-30,18.82161061194373,19.6289957982405,roi_test
2020-08-31,18.449610649459455,18.52194375144592,roi_test
2021-06-01,11.572853444880044,12.768259646226861,roi_test
2021-06-02,12.093127434613256,13.769682648358993,roi_test
2021-06-03,12.686958976571452,14.04453883813847,roi_test
2021-06-04,13.355911225325602,14.285653117242832,roi_test
2021-06-05,13.739130823532326,14.62623448569088,roi_test
2021-06-06,14.712416762019128,14.718169952417563,roi_test
2021-06-07,15.713115992321795,15.006730224531513,roi_test
2021-06-08,15.87525007346826,15.419358919047337,roi_test
2021-06-09,15.928555144966948,15.666619209293879,roi_test
2021-06-10,16.155562641856278,15.701588508938107,roi_test
2021-06-11,16.650604315557164,15.364777187947457,roi_test
2021-06-12,15.719945914851854,15.251729943163692,roi_test
2021-06-13,14.40116855183107,15.252911344125355,roi_test
2021-06-14,14.528428717025248,15.174515078188982,roi_test
2021-06-15,14.924204573165003,15.212968805687394,roi_test
2021-06-16,15.57378658563274,15.233229821237622,roi_test
2021-06-17,16.054303927269533,15.43407542533437,roi_test
2021-06-18,16.798807938324167,15.737399817423537,roi_test
2021-06-19,17.573687294054384,15.951607298056036,roi_test
2021-06-20,18.179562816929604,16.42023181582282,roi_test
2021-06-21,18.509791850337315,16.453187897432045,roi_test
2021-06-22,18.78102730518404,16.24982661489498,roi_test
2021-06-23,18.58439327718483,16.26379252562012,roi_test
2021-06-24,18.59267824651576,16.526918397078777,roi_test
2021-06-25,18.730410046707068,16.9137269669174,roi_test
2021-06-26,18.86040735808121,17.205643394421408,roi_test
2021-06-27,19.322814866225237,17.31349505730523,roi_test
2021-06-28,19.79683267368213,17.317564292547534,roi_test
2021-06-29,20.104597550224167,17.479162680622498,roi_test
2021-06-30,20.1701176117499,17.761078357812345,roi_test
2021-07-01,19.73875229002143,17.71990436620334,roi_test
2021-07-02,19.726129504229903,17.692419825802048,roi_test
2021-07-03,20.192536749763953,17.959156834424398,roi_test
2021-07-04,20.423801967073707,18.330868582468902,roi_test
2021-07-05,20.604452989689417,18.610026042155113,roi_test
2021-07-06,20.728284281542884,18.075714986900778,roi_test
2021-07-07,20.66578561022426,18.083068222318094,roi_test
2021-07-08,20.460129741829412,18.38044399842432,roi_test
2021-07-09,20.198674569976134,18.653615263891773,roi_test
2021-07-10,19.700606316395014,18.668060281492885,roi_test
2021-07-11,19.5499412253881,18.895254575353434,roi_test
2021-07-12,19.72522293710489,19.220330982348855,roi_test
2021-07-13,20.382625286838877,19.432044825020455,roi_test
2021-07-14,20.779806231359373,19.446222386874496,roi_test
2021-07-15,21.470699667985983,19.475894374519356,roi_test
2021-07-16,21.880094789693185,19.29043918390823,roi_test
2021-07-17,21.682719013586897,19.32085123145314,roi_test
2021-07-18,21.39642781664821,19.183068284844268,roi_test
2021-07-19,20.7878914295361,19.472711854339014,roi_test
2021-07-20,20.647917815585263,19.59001791375135,roi_test
2021-07-21,20.496794095027298,19.7819375300907,roi_test
2021-07-22,20.476986175461015,19.97223043399425,roi_test
2021-07-23,20.524686712560875,20.204876010579436,roi_test
2021-07-24,20.595826627400243,20.42791412654052,roi_test
2021-07-25,20.58989751958631,20.60544749989059,roi_test
2021-07-26,20.99941237893365,20.812254819205517,roi_test
2021-07-27,21.182720951898578,21.090492112322025,roi_test
2021-07-28,21.156896637967172,21.338355467602046,roi_test
2021-07-29,21.12936217040884,21.517278891785978,roi_test
2021-07-30,20.83443667035569,21.593743536355845,roi_test
2021-07-31,19.764496132755564,21.390911287851782,roi_test
2021-08-01,19.148498621297676,21.269171340498833,roi_test
2021-08-02,18.98109352041164,21.147479850937597,roi_test
2021-08-03,18.903365846948443,21.201825201803278,roi_test
2021-08-04,19.073242107632563,21.33383860741689,roi_test
2021-08-05,19.11320271613739,21.318619077988874,roi_test
2021-08-06,19.062738459229795,21.091507349952792,roi_test
2021-08-07,18.889711254087615,20.894845028855826,roi_test
2021-08-08,18.954435107201174,20.8838912231997,roi_test
2021-08-09,18.923195400574002,20.829858659563666,roi_test
2021-08-10,18.902930101980196,20.796728786429288,roi_test
2021-08-11,19.08542445899219,20.69190886183589,roi_test
2021-08-12,19.221006046281826,20.480132086561216,roi_test
2021-08-13,19.267254537837722,20.41376964103716,roi_test
2021-08-14,19.07957782321347,20.228511908111546,roi_test
2021-08-15,18.9801101711342,19.874458054310224,roi_test
2021-08-16,18.941415655305644,20.05446536987365,roi_test
2021-08-17,18.635870333202,20.274810076719586,roi_test
2021-08-18,17.994799884951856,20.390979441391057,roi_test
2021-08-19,17.281022615720318,20.483688700893502,roi_test
2021-08-20,16.96208074631249,20.42824704720099,roi_test
2021-08-21,16.96479150644331,20.307607842033857,roi_test
2021-08-22,17.27868988889095,20.323584344694364,roi_test
2021-08-23,17.41309479594582,20.370510588809044,roi_test
2021-08-24,17.4444606804099,20.181858684574166,roi_test
2021-08-25,17.370970406357642,20.00605544196633,roi_test
2021-08-26,16.835650678721713,19.861725785172553,roi_test
2021-08-27,16.732740585119995,19.76511604859532,roi_test
2021-08-28,16.679809795351787,19.649555470103103,roi_test
2021-08-29,16.905694384523517,19.65449066171459,roi_test
2021-08-30,16.82423664909679,19.627313718869786,roi_test
2021-08-31,16.737194762806947,19.6289957982405,roi_test
2022-06-01,11.174070329450457,12.768259646226861,roi_test
2022-06-02,11.28953349214984,13.769682648358993,roi_test
2022-06-03,11.455671187309688,14.04453883813847,roi_test
2022-06-04,11.848384573540152,14.285653117242832,roi_test
2022-06-05,12.217200390163375,14.62623448569088,roi_test
2022-06-06,12.418908042742887,14.718169952417563,roi_test
2022-06-07,13.159944539275813,15.006730224531513,roi_test
2022-06-08,13.686304702594208,15.419358919047337,roi_test
2022-06-09,14.009159523050283,15.666619209293879,roi_test
2022-06-10,14.22718800997917,15.701588508938107,roi_test
2022-06-11,14.452272138958184,15.364777187947457,roi_test
2022-06-12,14.495779420132191,15.251729943163692,roi_test
2022-06-13,14.456440509463345,15.252911344125355,roi_test
2022-06-14,14.200165819436883,15.174515078188982,roi_test
2022-06-15,14.057839282699645,15.212968805687394,roi_test
2022-06-16,14.297162499296562,15.233229821237622,roi_test
2022-06-17,14.659481595418095,15.43407542533437,roi_test
2022-06-18,14.78317851850465,15.737399817423537,roi_test
2022-06-19,14.546405619853342,15.951607298056036,roi_test
2022-06-20,14.518665878836776,16.42023181582282,roi_test
2022-06-21,14.679157272107672,16.453187897432045,roi_test
2022-06-22,14.986203035020916,16.24982661489498,roi_test
2022-06-23,15.434811139664763,16.26379252562012,roi_test
2022-06-24,15.933901696335376,16.526918397078777,roi_test
2022-06-25,16.676428441910087,16.9137269669174,roi_test
2022-06-26,17.4969431574472,17.205643394421408,roi_test
2022-06-27,18.151842834186812,17.31349505730523,roi_test
2022-06-28,18.26757573483892,17.317564292547534,roi_test
2022-06-29,18.258348746037406,17.479162680622498,roi_test
2022-06-30,18.38660964278792,17.761078357812345,roi_test
2022-07-01,18.308339179531423,17.71990436620334,roi_test
2022-07-02,18.06780564361328,17.692419825802048,roi_test
2022-07-03,18.159373862805037,17.959156834424398,roi_test
2022-07-04,18.033956344219153,18.330868582468902,roi_test
2022-07-05,17.85255938424216,18.610026042155113,roi_test
2022-07-06,17.691695522500034,18.075714986900778,roi_test
2022-07-07,17.509320277866365,18.083068222318094,roi_test
2022-07-08,17.369895331169918,18.38044399842432,roi_test
2022-07-09,17.189653042211468,18.653615263891773,roi_test
2022-07-10,17.10456609955415,18.668060281492885,roi_test
2022-07-11,17.121071073512,18.895254575353434,roi_test
2022-07-12,17.286550868176036,19.220330982348855,roi_test
2022-07-13,17.43341261653317,19.432044825020455,roi_test
2022-07-14,17.231074137295007,19.446222386874496,roi_test
2022-07-15,16.946817104662582,19.475894374519356,roi_test
2022-07-16,16.725472791731523,19.29043918390823,roi_test
2022-07-17,16.635523688044387,19.32085123145314,roi_test
2022-07-18,16.787030819155486,19.183068284844268,roi_test
2022-07-19,17.098724340817718,19.472711854339014,roi_test
2022-07-20,17.504634253093435,19.59001791375135,roi_test
2022-07-21,17.96410521906049,19.7819375300907,roi_test
2022-07-22,18.16377814459805,19.97223043399425,roi_test
2022-07-23,17.83146161205004,20.204876010579436,roi_test
2022-07-24,17.51662983874498,20.42791412654052,roi_test
2022-07-25,17.481125158660188,20.60544749989059,roi_test
2022-07-26,17.38261328181176,20.812254819205517,roi_test
2022-07-27,17.156464894674663,21.090492112322025,roi_test
2022-07-28,16.938608104643798,21.338355467602046,roi_test
2022-07-29,17.09632658675819,21.517278891785978,roi_test
2022-07-30,17.27483171077889,21.593743536355845,roi_test
2022-07-31,17.541127284550388,21.390911287851782,roi_test
2022-08-01,17.816332526745562,21.269171340498833,roi_test
2022-08-02,17.849525426272248,21.147479850937597,roi_test
2022-08-03,18.317612437708295,21.201825201803278,roi_test
2022-08-04,18.689626281005175,21.33383860741689,roi_test
2022-08-05,18.769343037396876,21.318619077988874,roi_test
2022-08-06,18.368099078989314,21.091507349952792,roi_test
2022-08-07,18.082686499971903,20.894845028855826,roi_test
2022-08-08,18.102587083341156,20.8838912231997,roi_test
2022-08-09,18.35959232928788,20.829858659563666,roi_test
2022-08-10,18.608865900095694,20.796728786429288,roi_test
2022-08-11,18.957289114816813,20.69190886183589,roi_test
2022-08-12,19.40475180231721,20.480132086561216,roi_test
2022-08-13,19.745571520574238,20.41376964103716,roi_test
2022-08-14,19.938389700687168,20.228511908111546,roi_test
2022-08-15,20.142769909899787,19.874458054310224,roi_test
2022-08-16,20.32775662308593,20.05446536987365,roi_test
2022-08-17,20.639237618252636,20.274810076719586,roi_test
2022-08-18,20.949794351384647,20.390979441391057,roi_test
2022-08-19,21.012844378583544,20.483688700893502,roi_test
2022-08-20,20.955745155784044,20.42824704720099,roi_test
2022-08-21,20.654537712667185,20.307607842033857,roi_test
2022-08-22,20.438959751896082,20.323584344694364,roi_test
2022-08-23,20.34483421182622,20.370510588809044,roi_test
2022-08-24,20.288522881456622,20.181858684574166,roi_test
2022-08-25,20.18676351972389,20.00605544196633,roi_test
2022-08-26,20.28437908374132,19.861725785172553,roi_test
2022-08-27,20.50642350234159,19.76511604859532,roi_test
2022-08-28,20.619062732519218,19.649555470103103,roi_test
2022-08-29,20.35070717112796,19.65449066171459,roi_test
2022-08-30,19.793745630982997,19.627313718869786,roi_test
2022-08-31,19.469757085779662,19.6289957982405,roi_test
2023-06-01,12.412514177811978,12.768259646226861,roi_test
2023-06-02,12.14473648340243,13.769682648358993,roi_test
2023-06-03,12.137168126653037,14.04453883813847,roi_test
2023-06-04,12.392074181063316,14.285653117242832,roi_test
2023-06-05,12.93372837375651,14.62623448569088,roi_test
2023-06-06,13.566025398135459,14.718169952417563,roi_test
2023-06-07,14.2025730774762,15.006730224531513,roi_test
2023-06-08,14.606513227413954,15.419358919047337,roi_test
2023-06-09,14.192094439546581,15.666619209293879,roi_test
2023-06-10,13.650453502404126,15.701588508938107,roi_test
2023-06-11,13.362567387593561,15.364777187947457,roi_test
2023-06-12,13.41626080921386,15.251729943163692,roi_test
2023-06-13,13.633238793744896,15.252911344125355,roi_test
2023-06-14,13.811349127447116,15.174515078188982,roi_test
2023-06-15,14.126980235473582,15.212968805687394,roi_test
2023-06-16,14.642536874816319,15.233229821237622,roi_test
2023-06-17,14.90024260158943,15.43407542533437,roi_test
2023-06-18,15.255434338129092,15.737399817423537,roi_test
2023-06-19,15.696171021615301,15.951607298056036,roi_test
2023-06-20,15.926936654724162,16.42023181582282,roi_test
2023-06-21,16.1592713198652,16.453187897432045,roi_test
2023-06-22,16.344670143122435,16.24982661489498,roi_test
2023-06-23,16.377551474680025,16.26379252562012,roi_test
2023-06-24,16.754040004251774,16.526918397078777,roi_test
2023-06-25,17.41546222480666,16.9137269669174,roi_test
2023-06-26,17.817991283850102,17.205643394421408,roi_test
2023-06-27,17.499280886371167,17.31349505730523,roi_test
2023-06-28,17.395032482351976,17.317564292547534,roi_test
2023-06-29,17.462119512545886,17.479162680622498,roi_test
2023-06-30,17.490538788117544,17.761078357812345,roi_test
2023-07-01,17.354014431043,17.71990436620334,roi_test
2023-07-02,17.050778200871612,17.692419825802048,roi_test
2023-07-03,16.61100904753865,17.959156834424398,roi_test
2023-07-04,16.122985562704372,18.330868582468902,roi_test
2023-07-05,15.848626799972479,18.610026042155113,roi_test
2023-07-06,15.783410240538226,18.075714986900778,roi_test
2023-07-07,16.04147936948598,18.083068222318094,roi_test
2023-07-08,16.537211082140658,18.38044399842432,roi_test
2023-07-09,16.915941487998104,18.653615263891773,roi_test
2023-07-10,17.26556276690865,18.668060281492885,roi_test
2023-07-11,17.628346244990077,18.895254575353434,roi_test
2023-07-12,17.4795528752665,19.220330982348855,roi_test
2023-07-13,17.32449438202245,19.432044825020455,roi_test
2023-07-14,17.215218935429213,19.446222386874496,roi_test
2023-07-15,17.347292053547438,19.475894374519356,roi_test
2023-07-16,17.57107670086851,19.29043918390823,roi_test
2023-07-17,17.688267524525894,19.32085123145314,roi_test
2023-07-18,17.50371036621584,19.183068284844268,roi_test
2023-07-19,17.27995985819061,19.472711854339014,roi_test
2023-07-20,17.066162267949704,19.59001791375135,roi_test
2023-07-21,16.90259396122127,19.7819375300907,roi_test
2023-07-22,16.866754828584472,19.97223043399425,roi_test
2023-07-23,16.798901977703167,20.204876010579436,roi_test
2023-07-24,16.939600145060727,20.42791412654052,roi_test
2023-07-25,16.92733407114229,20.60544749989059,roi_test
2023-07-26,17.00199989995807,20.812254819205517,roi_test
2023-07-27,17.152759718131936,21.090492112322025,roi_test
2023-07-28,17.456612894149455,21.338355467602046,roi_test
2023-07-29,17.555005095883878,21.517278891785978,roi_test
2023-07-30,17.718157478444066,21.593743536355845,roi_test
2023-07-31,17.738958001162977,21.390911287851782,roi_test
2023-08-01,17.69699886827606,21.269171340498833,roi_test
2023-08-02,17.64107201140478,21.147479850937597,roi_test
2023-08-03,17.706952661426964,21.201825201803278,roi_test
2023-08-04,17.716599325967724,21.33383860741689,roi_test
2023-08-05,17.69128247453619,21.318619077988874,roi_test
2023-08-06,17.675786298012284,21.091507349952792,roi_test
2023-08-07,17.167662646233087,20.894845028855826,roi_test
2023-08-08,16.670881994335144,20.8838912231997,roi_test
2023-08-09,16.19810514402908,20.829858659563666,roi_test
2023-08-10,16.091191061256904,20.796728786429288,roi_test
2023-08-11,16.035010035452338,20.69190886183589,roi_test
2023-08-12,16.074679146892738,20.480132086561216,roi_test
2023-08-13,16.101946815228874,20.41376964103716,roi_test
2023-08-14,16.433690732994446,20.228511908111546,roi_test
2023-08-15,16.920206523981925,19.874458054310224,roi_test
2023-08-16,17.190873365721878,20.05446536987365,roi_test
2023-08-17,17.240297061894676,20.274810076719586,roi_test
2023-08-18,17.36038641180991,20.390979441391057,roi_test
2023-08-19,17.6095046050534,20.483688700893502,roi_test
2023-08-20,17.799595393070845,20.42824704720099,roi_test
2023-08-21,17.88488016857063,20.307607842033857,roi_test
2023-08-22,17.9037950266674,20.323584344694364,roi_test
2023-08-23,17.95911131536332,20.370510588809044,roi_test
2023-08-24,17.99557202078371,20.181858684574166,roi_test
2023-08-25,18.119180469321517,20.00605544196633,roi_test
2023-08-26,18.220166757329633,19.861725785172553,roi_test
2023-08-27,18.11108833073848,19.76511604859532,roi_test
2023-08-28,18.021321303295768,19.649555470103103,roi_test
2023-08-29,17.9214325999012,19.65449066171459,roi_test
2023-08-30,17.757428110521303,19.627313718869786,roi_test
2023-08-31,17.682636666604143,19.6289957982405,roi_test
2024-06-01,14.808014793694841,13.769682648358993,roi_test
2024-06-02,15.159763338397946,14.04453883813847,roi_test
2024-06-03,15.386778963691045,14.285653117242832,roi_test
2024-06-04,15.320097353266675,14.62623448569088,roi_test
2024-06-05,15.222180913257436,14.718169952417563,roi_test
2024-06-06,15.035037421920432,15.006730224531513,roi_test
2024-06-07,14.90359463025141,15.419358919047337,roi_test
2024-06-08,14.819324592172954,15.666619209293879,roi_test
2024-06-09,14.558297537093678,15.701588508938107,roi_test
2024-06-10,14.045126709309516,15.364777187947457,roi_test
2024-06-11,13.67272726704307,15.251729943163692,roi_test
2024-06-12,13.460464319433758,15.252911344125355,roi_test
2024-06-13,13.397895931421278,15.174515078188982,roi_test
2024-06-14,13.481262028474427,15.212968805687394,roi_test
2024-06-15,13.60157153307947,15.233229821237622,roi_test
2024-06-16,13.946430567800277,15.43407542533437,roi_test
2024-06-17,14.416789092932675,15.737399817423537,roi_test
2024-06-18,14.648065564955301,15.951607298056036,roi_test
2024-06-19,14.753428185552684,16.42023181582282,roi_test
2024-06-20,14.678208687387826,16.453187897432045,roi_test
2024-06-21,14.717104412472711,16.24982661489498,roi_test
2024-06-22,14.812821869157718,16.26379252562012,roi_test
2024-06-23,14.616190529784339,16.526918397078777,roi_test
2024-06-24,14.963889691308255,16.9137269669174,roi_test
2024-06-25,15.456855745843567,17.205643394421408,roi_test
2024-06-26,16.051656631214314,17.31349505730523,roi_test
2024-06-27,16.70881762988253,17.317564292547534,roi_test
2024-06-28,17.04844353573058,17.479162680622498,roi_test
2024-06-29,16.92984424727852,17.761078357812345,roi_test
2024-06-30,16.707728486303655,17.71990436620334,roi_test
2024-07-01,16.644581793626084,17.692419825802048,roi_test
2024-07-02,16.57703382041232,17.959156834424398,roi_test
2024-07-03,16.473988170046212,18.330868582468902,roi_test
2024-07-04,16.24624392714447,18.610026042155113,roi_test
2024-07-05,16.05083191086267,18.075714986900778,roi_test
2024-07-06,15.849538056561165,18.083068222318094,roi_test
2024-07-07,15.876608579842788,18.38044399842432,roi_test
2024-07-08,16.329672487854307,18.653615263891773,roi_test
2024-07-09,16.76185296342843,18.668060281492885,roi_test
2024-07-10,17.481084891798382,18.895254575353434,roi_test
2024-07-11,17.397700286995192,19.220330982348855,roi_test
2024-07-12,17.464229208481,19.432044825020455,roi_test
2024-07-13,17.344126853119754,19.446222386874496,roi_test
2024-07-14,17.179690182764045,19.475894374519356,roi_test
2024-07-15,17.399871758798987,19.29043918390823,roi_test
2024-07-16,17.5194498946434,19.32085123145314,roi_test
2024-07-17,17.501682579580137,19.183068284844268,roi_test
2024-07-18,17.439914526708073,19.472711854339014,roi_test
2024-07-19,17.643189335534284,19.59001791375135,roi_test
2024-07-20,18.218560522218667,19.7819375300907,roi_test
2024-07-21,18.636122251192724,19.97223043399425,roi_test
2024-07-22,18.618650622448133,20.204876010579436,roi_test
2024-07-23,18.591569407189272,20.42791412654052,roi_test
2024-07-24,18.648264835900047,20.60544749989059,roi_test
2024-07-25,18.68172490980598,20.812254819205517,roi_test
2024-07-26,18.746943470078087,21.090492112322025,roi_test
2024-07-27,18.787468752540175,21.338355467602046,roi_test
2024-07-28,18.64460248979258,21.517278891785978,roi_test
2024-07-29,18.34950829409817,21.593743536355845,roi_test
2024-07-30,18.316376232547377,21.390911287851782,roi_test
2024-07-31,18.293462574953267,21.269171340498833,roi_test
2024-08-01,18.352355048676618,21.147479850937597,roi_test
2024-08-02,18.484402280955162,21.201825201803278,roi_test
2024-08-03,18.675008972507246,21.33383860741689,roi_test
2024-08-04,18.786611956256703,21.318619077988874,roi_test
2024-08-05,19.026938467983438,21.091507349952792,roi_test
2024-08-06,19.376517666772987,20.894845028855826,roi_test
2024-08-07,19.631414154677255,20.8838912231997,roi_test
2024-08-08,19.601027555288777,20.829858659563666,roi_test
2024-08-09,19.30376488904726,20.796728786429288,roi_test
2024-08-10,18.799882075619163,20.69190886183589,roi_test
2024-08-11,18.3272480976409,20.480132086561216,roi_test
2024-08-12,18.136390238412343,20.41376964103716,roi_test
2024-08-13,18.288226882507047,20.228511908111546,roi_test
2024-08-14,18.605676439509025,19.874458054310224,roi_test
2024-08-15,18.786405557327118,20.05446536987365,roi_test
2024-08-16,18.999316463769187,20.274810076719586,roi_test
2024-08-17,19.189065921354576,20.390979441391057,roi_test
2024-08-18,19.11401355567648,20.483688700893502,roi_test
2024-08-19,19.14366228358128,20.42824704720099,roi_test
2024-08-20,19.26800985412642,20.307607842033857,roi_test
2024-08-21,19.198029299769317,20.323584344694364,roi_test
2024-08-22,18.787016813290553,20.370510588809044,roi_test
2024-08-23,18.513552112447112,20.181858684574166,roi_test
2024-08-24,18.497016250554886,20.00605544196633,roi_test
2024-08-25,18.406373356342954,19.861725785172553,roi_test
2024-08-26,18.18211738665569,19.76511604859532,roi_test
2024-08-27,18.22503548360877,19.649555470103103,roi_test
2024-08-28,18.436216790781135,19.65449066171459,roi_test
2024-08-29,18.61500553356716,19.627313718869786,roi_test
2024-08-30,18.665241632433577,19.6289957982405,roi_test
2024-08-31,18.5609608398517,18.52194375144592,roi_test
2025-06-01,11.01274496195282,12.768259646226861,roi_test
2025-06-02,11.322448525319961,13.769682648358993,roi_test
2025-06-03,11.6063065783797,14.04453883813847,roi_test
2025-06-04,11.926441572408438,14.285653117242832,roi_test
2025-06-05,12.240662652485723,14.62623448569088,roi_test
2025-06-06,12.350439746643907,14.718169952417563,roi_test
2025-06-07,12.339794226332272,15.006730224531513,roi_test
2025-06-08,12.211371386768208,15.419358919047337,roi_test
2025-06-09,11.946769897394523,15.666619209293879,roi_test
2025-06-10,11.877675964310045,15.701588508938107,roi_test
2025-06-11,11.891303295755083,15.364777187947457,roi_test
2025-06-12,12.148675132711825,15.251729943163692,roi_test
2025-06-13,12.441664634565726,15.252911344125355,roi_test
2025-06-14,12.875059181032059,15.174515078188982,roi_test
2025-06-15,13.267845847948827,15.212968805687394,roi_test
2025-06-16,13.316815854138925,15.233229821237622,roi_test
2025-06-17,13.248205185921629,15.43407542533437,roi_test
2025-06-18,13.276023084666692,15.737399817423537,roi_test
2025-06-19,13.23308535449222,15.951607298056036,roi_test
2025-06-20,13.360141496751764,16.42023181582282,roi_test
2025-06-21,13.58343981542271,16.453187897432045,roi_test
2025-06-22,13.802672369054553,16.24982661489498,roi_test
2025-06-23,13.802585645238937,16.26379252562012,roi_test
2025-06-24,13.678196244677455,16.526918397078777,roi_test
2025-06-25,13.573349840245616,16.9137269669174,roi_test
2025-06-26,13.668572527245798,17.205643394421408,roi_test
2025-06-27,13.841377826965045,17.31349505730523,roi_test
2025-06-28,13.98699536680987,17.317564292547534,roi_test
2025-06-29,14.223873184395973,17.479162680622498,roi_test
2025-06-30,14.450977784447263,17.761078357812345,roi_test
2025-07-01,14.959256438633673,17.71990436620334,roi_test
2025-07-02,15.505508119024867,17.692419825802048,roi_test
2025-07-03,15.622271951379627,17.959156834424398,roi_test
2025-07-04,15.461141477993925,18.330868582468902,roi_test
2025-07-05,15.292175911162815,18.610026042155113,roi_test
2025-07-06,15.234173685230703,18.075714986900778,roi_test
2025-07-07,15.374179500165697,18.083068222318094,roi_test
2025-07-08,15.57808313481269,18.38044399842432,roi_test
2025-07-09,15.829591704026049,18.653615263891773,roi_test
2025-07-10,16.082081058943437,18.668060281492885,roi_test
2025-07-11,15.98445449031779,18.895254575353434,roi_test
2025-07-12,15.699818924174455,19.220330982348855,roi_test
2025-07-13,15.952262197295118,19.432044825020455,roi_test
2025-07-14,16.46389800729055,19.446222386874496,roi_test
2025-07-15,16.8036678484115,19.475894374519356,roi_test
2025-07-16,17.006313393733624,19.29043918390823,roi_test
2025-07-17,17.320703294504607,19.32085123145314,roi_test
2025-07-18,17.815310973970362,19.183068284844268,roi_test
2025-07-19,18.50346295011036,19.472711854339014,roi_test
2025-07-20,19.05815760349644,19.59001791375135,roi_test
2025-07-21,19.325478294035637,19.7819375300907,roi_test
2025-07-22,19.273814722415022,19.97223043399425,roi_test
2025-07-23,19.248160104543775,20.204876010579436,roi_test
2025-07-24,19.39240163068286,20.42791412654052,roi_test
2025-07-25,19.585965685630875,20.60544749989059,roi_test
2025-07-26,19.676529546747695,20.812254819205517,roi_test
2025-07-27,19.788882156903217,21.090492112322025,roi_test
2025-07-28,19.774337566355953,21.338355467602046,roi_test
2025-07-29,19.17376182526434,21.517278891785978,roi_test
2025-07-30,18.955677690032683,21.593743536355845,roi_test
2025-07-31,18.89371130410861,21.390911287851782,roi_test
2025-08-01,18.942114385398906,21.269171340498833,roi_test
2025-08-02,19.016239737890245,21.147479850937597,roi_test
2025-08-03,18.980797083778796,21.201825201803278,roi_test
2025-08-04,18.841885226938743,21.33383860741689,roi_test
2025-08-05,18.617408852456936,21.318619077988874,roi_test
2025-08-06,18.369754772310873,21.091507349952792,roi_test
2025-08-07,18.09226626149698,20.894845028855826,roi_test
2025-08-08,17.96610655712076,20.8838912231997,roi_test
2025-08-09,18.041170865299836,20.829858659563666,roi_test
2025-08-10,18.00137119918967,20.796728786429288,roi_test
2025-08-11,17.95567675213998,20.69190886183589,roi_test
2025-08-12,18.02899282824681,20.480132086561216,roi_test
2025-08-13,18.427846598262995,20.41376964103716,roi_test
2025-08-14,18.763504217390985,20.228511908111546,roi_test
2025-08-15,18.955308222818296,19.874458054310224,roi_test
2025-08-16,18.754238337303754,20.05446536987365,roi_test
2025-08-17,18.59795295530001,20.274810076719586,roi_test
2025-08-18,18.58782014968768,20.390979441391057,roi_test
2025-08-19,18.562048732906923,20.483688700893502,roi_test
2025-08-20,18.385933609699038,20.42824704720099,roi_test
2025-08-21,18.31031800816591,20.307607842033857,roi_test
2025-08-22,18.273618640305585,20.323584344694364,roi_test
2025-08-23,18.09795714455428,20.370510588809044,roi_test
2025-08-24,17.862530747250396,20.181858684574166,roi_test
2025-08-25,17.654259408627354,20.00605544196633,roi_test
2025-08-26,17.452454465307333,19.861725785172553,roi_test
2025-08-27,17.309553312949784,19.76511604859532,roi_test
2025-08-28,17.15382985375128,19.649555470103103,roi_test
2025-08-29,17.12607873296946,19.65449066171459,roi_test
2025-08-30,17.275915414579824,19.627313718869786,roi_test
2025-08-31,17.645520936892336,19.6289957982405,roi_test
